{
    "loss": 17.011415481567383,
    "accuracy": 0.5686274766921997
}