{
    "loss": 1.374912977218628,
    "accuracy": 0.686274528503418
}