{
    "loss": 2.652655839920044,
    "accuracy": 0.8039215803146362
}