{
    "loss": 24.149951934814453,
    "accuracy": 0.4313725531101227
}