{
    "loss": 0.8636488318443298,
    "accuracy": 0.843137264251709
}